{
    "epoch": [
        0,
        1,
        2,
        3,
        4,
        5,
        6,
        7,
        8,
        9,
        10,
        11,
        12,
        13,
        14,
        15,
        16,
        17,
        18,
        19,
        20,
        21,
        22,
        23,
        24,
        25,
        26,
        27,
        28,
        29,
        30,
        31,
        32,
        33,
        34,
        35,
        36,
        37,
        38,
        39,
        40,
        41,
        42,
        43,
        44,
        45,
        46,
        47,
        48,
        49
    ],
    "rnn_loss": [
        7.003159508109093,
        6.285958424210548,
        6.115322753787041,
        5.9142491817474365,
        5.673089504241943,
        5.449611410498619,
        5.225364044308662,
        5.022571012377739,
        4.8229745626449585,
        4.631354406476021,
        4.478043362498283,
        4.310282476246357,
        4.136045202612877,
        3.9941790848970413,
        3.8224943727254868,
        3.70852130651474,
        3.5875727087259293,
        3.4030761122703552,
        3.3075791746377945,
        3.1407434046268463,
        2.9890707582235336,
        2.8615162149071693,
        2.694966733455658,
        2.5288721434772015,
        2.4020993784070015,
        2.2357203662395477,
        2.1251478604972363,
        1.976284321397543,
        1.8304388336837292,
        1.7231534719467163,
        1.6190560050308704,
        1.4988671019673347,
        1.38747638463974,
        1.3038637340068817,
        1.216947015374899,
        1.129322713240981,
        1.058694900944829,
        0.9710396714508533,
        0.9188744742423296,
        0.8343489393591881,
        0.7725346237421036,
        0.7366192452609539,
        0.6525338971987367,
        0.6080069448798895,
        0.5724140396341681,
        0.5184777453541756,
        0.4831401938572526,
        0.441840254701674,
        0.4100189879536629,
        0.3696286100894213
    ],
    "cnn_loss": [
        7.159980073571205,
        6.15819151699543,
        5.746888369321823,
        5.4058869034051895,
        5.012075871229172,
        4.6429543197155,
        4.253128036856651,
        3.974688470363617,
        3.694609858095646,
        3.481365092098713,
        3.291318468749523,
        3.150223530828953,
        3.032343454658985,
        2.9333682879805565,
        2.8489394038915634,
        2.7536902502179146,
        2.7230379804968834,
        2.639105275273323,
        2.5908230245113373,
        2.5452008694410324,
        2.5111479461193085,
        2.4836488254368305,
        2.441245812922716,
        2.4033077359199524,
        2.39223013818264,
        2.3498742505908012,
        2.3196156695485115,
        2.3096380867064,
        2.2621080577373505,
        2.2754203863441944,
        2.2489479668438435,
        2.2001671381294727,
        2.2218491956591606,
        2.192523207515478,
        2.1741156801581383,
        2.153322994709015,
        2.149452116340399,
        2.133324459195137,
        2.1536811254918575,
        2.106131386011839,
        2.099530842155218,
        2.0746194384992123,
        2.0926504023373127,
        2.0542936474084854,
        2.0516382455825806,
        2.043427776545286,
        2.0305624157190323,
        2.022138297557831,
        2.033374585211277,
        2.0106150172650814
    ],
    "rnn_token_accuracy": [
        0.015234091145022319,
        0.01725838264299803,
        0.019775770787916536,
        0.026808886120627012,
        0.035918197861517696,
        0.046351084812623275,
        0.05828921415965951,
        0.06773590781687948,
        0.08128308938025537,
        0.09278002699055331,
        0.1038617253192152,
        0.11637080867850098,
        0.12615488425205024,
        0.13355133395619226,
        0.13892349216235855,
        0.14260874078687844,
        0.14818851863386276,
        0.1578168794767985,
        0.16025641025641027,
        0.17022215301567528,
        0.1790459877504412,
        0.18958268452195579,
        0.20362296273227448,
        0.21722204920585486,
        0.2265908854977681,
        0.23987854251012145,
        0.24800166095712656,
        0.26144503270009345,
        0.2701910100695526,
        0.2826741409737361,
        0.2898110661268556,
        0.30123014637184675,
        0.3123897020658154,
        0.3192151977577079,
        0.32697498183328144,
        0.33564310183743384,
        0.3438700301048479,
        0.354354821966158,
        0.3606612685560054,
        0.37161320460915603,
        0.3775563168275719,
        0.38163085227862553,
        0.391233260666459,
        0.39779923180732896,
        0.40044638222775875,
        0.40742759265026474,
        0.4116318903768296,
        0.41684833385238246,
        0.42019620056057305,
        0.4255164538565348
    ],
    "cnn_token_accuracy": [
        0.01466313713277276,
        0.028988892349216235,
        0.03757915498806187,
        0.04502750960240839,
        0.057718260147409946,
        0.07515830997612374,
        0.09654313298037995,
        0.11977058029689609,
        0.13985778054603965,
        0.15597425516453856,
        0.1679642894217793,
        0.18034361050555384,
        0.18992006643828507,
        0.2006384303955154,
        0.20499844285269386,
        0.2133810858507215,
        0.21665109519360531,
        0.22262015986712344,
        0.22749922142634693,
        0.23131423232637807,
        0.23139208969168484,
        0.23793210837745252,
        0.23904806394684938,
        0.24268140766116475,
        0.2448354614346517,
        0.2470414201183432,
        0.2519204816775667,
        0.25205024395307796,
        0.25469739437350775,
        0.25373715353472437,
        0.2565140662306654,
        0.26043288695110556,
        0.2573445447939375,
        0.2617824146164227,
        0.2614709851551957,
        0.262119796532752,
        0.2634952766531714,
        0.2642478978511367,
        0.2663240942593169,
        0.2691529118654625,
        0.27058029689608637,
        0.2726045883940621,
        0.27029481988996157,
        0.27278625557977787,
        0.27265649330426656,
        0.2742914979757085,
        0.276601266479809,
        0.27628983701858195,
        0.276912695941036,
        0.27748364995328556
    ],
    "bleu_score_rnn": [
        0.007548842468586791,
        0.010467222072062366,
        0.008842169852098689,
        0.014463656299254961,
        0.009887193135955123,
        0.008734681281870433,
        0.011031817900789003,
        0.01013236544982609,
        0.010638109277555697,
        0.010903973884858673,
        0.011327034880095106,
        0.011405903850899643,
        0.01068054799347438,
        0.009905125597749581,
        0.011477128567229093,
        0.011234472223302164,
        0.011105783520588485,
        0.012346140899865327,
        0.01256336076242328,
        0.01434190479364634,
        0.015717943310224226,
        0.01670149764652883,
        0.018366429511982835,
        0.019751332755439117,
        0.023152261162396773,
        0.02639214572175098,
        0.028525504826261167,
        0.032117049816184275,
        0.03464253295353808,
        0.03946365069483587,
        0.04296210281207235,
        0.0472444669661338,
        0.04992846266649787,
        0.05748801849042551,
        0.059515859596272695,
        0.06724445031373602,
        0.06922333508245163,
        0.07604418173331313,
        0.07906457508532001,
        0.08379140687025097,
        0.09274816500267753,
        0.09432161917177638,
        0.0949222576466511,
        0.10403728930081706,
        0.10368060527066125,
        0.10952280752854307,
        0.10870581255380059,
        0.11798950743579587,
        0.1205334590574893,
        0.12782681801462664
    ],